[
  {
    "name": "Don Runolfsson",
    "email": "Theresia_Braun7@yahoo.com",
    "emailVerified": "2024-03-16T01:21:23.920Z",
    "image": "https://cloudflare-ipfs.com/ipfs/Qmd3W5DuhgHirLHGVixi6V76LhCkZUz6pnFt5AJBiyvHye/avatar/202.jpg",
    "updatedAt": "2023-12-25T06:16:30.666Z",
    "id": "26626342-fe9e-47d3-b9da-87e4cd52d6a8",
    "profile": {
      "bio": "Apparatus defungo sponte tamquam pecto sordeo. Umbra carus absens socius stipes cubicularis vivo tabgo. Combibo vilicus summopere solio aduro cur complectus.",
      "avatarUrl": "https://avatars.githubusercontent.com/u/28117869",
      "location": "Eldredchester",
      "updatedAt": "2025-12-14T15:54:58.394Z",
      "id": "619a24cd-adb2-46ae-b34a-84330a11d95c",
      "userId": "26626342-fe9e-47d3-b9da-87e4cd52d6a8"
    },
    "posts": [
      {
        "imageUrl": "https://loremflickr.com/640/480?lock=8540079693758464",
        "caption": "Arto modi cilicium compono.",
        "updatedAt": "2024-07-09T02:46:39.810Z",
        "id": "7de1bf59-c7a3-4c34-8396-a5a2c9def596",
        "userId": "26626342-fe9e-47d3-b9da-87e4cd52d6a8"
      },
      {
        "imageUrl": "https://loremflickr.com/640/480?lock=6800521958522880",
        "caption": "Coniecto depraedor vergo centum cedo assumenda tam adversus.",
        "updatedAt": "2025-05-22T09:05:04.691Z",
        "id": "4345d97f-939b-4a9e-9fe9-16b20c489b0b",
        "userId": "26626342-fe9e-47d3-b9da-87e4cd52d6a8"
      },
      {
        "imageUrl": "https://picsum.photos/seed/lLIjiG/640/480",
        "caption": "Cometes talio tabula adflicto umbra vesica decimus vulariter vicinus.",
        "updatedAt": "2025-09-18T13:59:30.913Z",
        "id": "f7ffb84c-5c0c-411d-ab71-82ebb137839d",
        "userId": "26626342-fe9e-47d3-b9da-87e4cd52d6a8"
      }
    ]
  },
  {
    "name": "Eula Cummings",
    "email": "Adele_Turner@yahoo.com",
    "emailVerified": "2025-02-05T02:26:50.140Z",
    "image": "https://avatars.githubusercontent.com/u/85511280",
    "updatedAt": "2025-01-09T11:59:45.167Z",
    "id": "65c08d55-aec5-44ac-b13a-45096e30c000",
    "profile": {
      "bio": "Sordeo corrigo nihil sustineo denique. Terminatio agnosco bardus cruciamentum quo demum apparatus supellex. Tabella ventito complectus verbum termes provident cuppedia clam vomica caveo.",
      "avatarUrl": "https://avatars.githubusercontent.com/u/5671051",
      "location": "South Hailee",
      "updatedAt": "2025-08-06T08:25:24.750Z",
      "id": "edd8f5f7-f172-430b-a0e5-35d067a1157f",
      "userId": "65c08d55-aec5-44ac-b13a-45096e30c000"
    },
    "posts": [
      {
        "imageUrl": "https://picsum.photos/seed/EKpST/640/480",
        "caption": "Deorsum vilicus statua approbo tondeo tabernus.",
        "updatedAt": "2024-05-08T00:38:40.714Z",
        "id": "d6cf47aa-08d8-4e2a-832c-0ab6fdead524",
        "userId": "65c08d55-aec5-44ac-b13a-45096e30c000"
      },
      {
        "imageUrl": "https://loremflickr.com/640/480?lock=7929687974084608",
        "caption": "Considero ciminatio tolero tamisium uredo virgo coerceo tergum.",
        "updatedAt": "2025-05-13T21:43:14.893Z",
        "id": "03643c57-afa3-4031-a2ef-70e9de64017c",
        "userId": "65c08d55-aec5-44ac-b13a-45096e30c000"
      },
      {
        "imageUrl": "https://picsum.photos/seed/lp4gUCaKVf/640/480",
        "caption": "Adamo cogito quibusdam tutamen beneficium aro uberrime necessitatibus textor.",
        "updatedAt": "2023-12-31T03:39:45.640Z",
        "id": "8a85d20e-06c5-4c3e-a331-bdd8cc57d7cc",
        "userId": "65c08d55-aec5-44ac-b13a-45096e30c000"
      }
    ]
  },
  {
    "name": "Alexandra Daniel",
    "email": "Howell.Harvey@hotmail.com",
    "emailVerified": "2025-02-27T11:47:23.859Z",
    "image": "https://cloudflare-ipfs.com/ipfs/Qmd3W5DuhgHirLHGVixi6V76LhCkZUz6pnFt5AJBiyvHye/avatar/230.jpg",
    "updatedAt": "2025-07-24T06:27:39.398Z",
    "id": "f9b9a812-abd5-4c38-a94b-b3913a48b4eb",
    "profile": {
      "bio": "Comminor arceo compono sub terror. Cicuta clamo baiulus culpa ater acies desidero caput. Toties cunae asporto cuius terebro cometes audio tolero maxime taedium.",
      "avatarUrl": "https://cloudflare-ipfs.com/ipfs/Qmd3W5DuhgHirLHGVixi6V76LhCkZUz6pnFt5AJBiyvHye/avatar/177.jpg",
      "location": "South Leora",
      "updatedAt": "2025-02-14T16:41:54.579Z",
      "id": "c67e19a3-91f8-42a2-8e30-5069870917af",
      "userId": "f9b9a812-abd5-4c38-a94b-b3913a48b4eb"
    },
    "posts": [
      {
        "imageUrl": "https://picsum.photos/seed/vYtjIwF/640/480",
        "caption": "Magnam antepono versus aestas spiculum.",
        "updatedAt": "2023-12-20T12:40:19.217Z",
        "id": "63da19d8-fff6-46cd-9dbb-27cbf157a68a",
        "userId": "f9b9a812-abd5-4c38-a94b-b3913a48b4eb"
      },
      {
        "imageUrl": "https://picsum.photos/seed/S3auuOgPJR/640/480",
        "caption": "Corporis audio repudiandae sol.",
        "updatedAt": "2024-07-27T11:42:44.921Z",
        "id": "a76ab79a-8116-4c9f-9443-3a43007bc720",
        "userId": "f9b9a812-abd5-4c38-a94b-b3913a48b4eb"
      },
      {
        "imageUrl": "https://loremflickr.com/640/480?lock=4527009533263872",
        "caption": "Consuasor vomica amet pauci succurro cursim tabernus.",
        "updatedAt": "2024-08-27T13:21:03.731Z",
        "id": "2b226159-0eca-45ef-8697-c03f4673a119",
        "userId": "f9b9a812-abd5-4c38-a94b-b3913a48b4eb"
      }
    ]
  },
  {
    "name": "Kelvin Schulist",
    "email": "Billy7@gmail.com",
    "emailVerified": "2024-03-05T00:18:35.934Z",
    "image": "https://cloudflare-ipfs.com/ipfs/Qmd3W5DuhgHirLHGVixi6V76LhCkZUz6pnFt5AJBiyvHye/avatar/81.jpg",
    "updatedAt": "2024-03-10T20:35:45.962Z",
    "id": "fd2571a8-5d87-48c7-9970-f72357247a1b",
    "profile": {
      "bio": "Comburo facilis tero impedit astrum acerbitas eum absum colo corrigo. Umerus damno derelinquo. Pecco quo crux excepturi.",
      "avatarUrl": "https://cloudflare-ipfs.com/ipfs/Qmd3W5DuhgHirLHGVixi6V76LhCkZUz6pnFt5AJBiyvHye/avatar/965.jpg",
      "location": "Carson City",
      "updatedAt": "2025-07-11T04:25:02.239Z",
      "id": "5c84600c-64c3-4ac5-81a6-a102b0598e88",
      "userId": "fd2571a8-5d87-48c7-9970-f72357247a1b"
    },
    "posts": [
      {
        "imageUrl": "https://loremflickr.com/640/480?lock=7166185416163328",
        "caption": "Uxor venio creta thermae aurum quia.",
        "updatedAt": "2024-05-13T16:52:01.613Z",
        "id": "9c07357d-6a74-4176-8026-383d10a913cf",
        "userId": "fd2571a8-5d87-48c7-9970-f72357247a1b"
      },
      {
        "imageUrl": "https://loremflickr.com/640/480?lock=5881410088861696",
        "caption": "Delinquo patruus nemo cornu recusandae.",
        "updatedAt": "2023-12-22T22:21:42.621Z",
        "id": "786b986b-b76d-4173-9b51-5199de8907e4",
        "userId": "fd2571a8-5d87-48c7-9970-f72357247a1b"
      },
      {
        "imageUrl": "https://picsum.photos/seed/GRr1m3yoe/640/480",
        "caption": "Libero auctus tertius vulnero tergeo.",
        "updatedAt": "2025-01-22T18:55:38.800Z",
        "id": "ea4f8263-b190-4854-b91c-91d57e8f362e",
        "userId": "fd2571a8-5d87-48c7-9970-f72357247a1b"
      }
    ]
  },
  {
    "name": "Essie Lang",
    "email": "Vance85@gmail.com",
    "emailVerified": "2023-12-20T17:40:57.300Z",
    "image": "https://avatars.githubusercontent.com/u/84558791",
    "updatedAt": "2024-12-21T10:27:23.307Z",
    "id": "07ab076d-3386-45f4-93d4-ed81eea061b2",
    "profile": {
      "bio": "Cunabula deprecator demergo valetudo vereor. Infit odit officia appositus advoco. Atqui eaque videlicet abundans hic cena.",
      "avatarUrl": "https://cloudflare-ipfs.com/ipfs/Qmd3W5DuhgHirLHGVixi6V76LhCkZUz6pnFt5AJBiyvHye/avatar/1006.jpg",
      "location": "West Gayle",
      "updatedAt": "2024-08-13T07:18:23.605Z",
      "id": "9414cea7-70d8-49cd-8b51-7423155e7b6d",
      "userId": "07ab076d-3386-45f4-93d4-ed81eea061b2"
    },
    "posts": [
      {
        "imageUrl": "https://loremflickr.com/640/480?lock=5421053434134528",
        "caption": "Adficio amiculum possimus argumentum villa acidus.",
        "updatedAt": "2024-12-15T14:41:35.072Z",
        "id": "0dd4a338-ca81-4f38-99de-aa5068dfee1f",
        "userId": "07ab076d-3386-45f4-93d4-ed81eea061b2"
      },
      {
        "imageUrl": "https://picsum.photos/seed/2RXOS0/640/480",
        "caption": "Confido vinitor adinventitias sollicito comis saepe denuo tersus.",
        "updatedAt": "2024-03-23T23:25:44.101Z",
        "id": "1343fae0-9ccf-4d5c-9ad2-aed74d79616e",
        "userId": "07ab076d-3386-45f4-93d4-ed81eea061b2"
      },
      {
        "imageUrl": "https://picsum.photos/seed/CNlWf/640/480",
        "caption": "Casso adversus utrum cernuus numquam.",
        "updatedAt": "2024-02-24T09:36:06.531Z",
        "id": "c7601cf9-8b0b-4046-9d67-bc0a6f988e44",
        "userId": "07ab076d-3386-45f4-93d4-ed81eea061b2"
      }
    ]
  },
  {
    "name": "Grace O'Keefe",
    "email": "Marc.Kihn@gmail.com",
    "emailVerified": "2025-10-05T12:41:50.109Z",
    "image": "https://avatars.githubusercontent.com/u/68821235",
    "updatedAt": "2024-11-19T13:38:40.664Z",
    "id": "2fe94926-086f-45aa-869f-e5fb4a48777e",
    "profile": {
      "bio": "Deputo decet vis autem. Sordeo tutamen verumtamen admoneo coepi labore. Attonbitus substantia abstergo ante unus uberrime blandior vae dolorem doloremque.",
      "avatarUrl": "https://cloudflare-ipfs.com/ipfs/Qmd3W5DuhgHirLHGVixi6V76LhCkZUz6pnFt5AJBiyvHye/avatar/484.jpg",
      "location": "Sammamish",
      "updatedAt": "2023-12-19T07:29:29.498Z",
      "id": "25955f49-a0bb-43cf-9979-4343ada26b9e",
      "userId": "2fe94926-086f-45aa-869f-e5fb4a48777e"
    },
    "posts": [
      {
        "imageUrl": "https://picsum.photos/seed/j13JO/640/480",
        "caption": "Sufficio validus crur perferendis suspendo confugo tabgo calculus culpo.",
        "updatedAt": "2024-03-03T19:16:11.999Z",
        "id": "d3384086-95d4-40d9-9625-e65281604547",
        "userId": "2fe94926-086f-45aa-869f-e5fb4a48777e"
      },
      {
        "imageUrl": "https://picsum.photos/seed/QNIUDf/640/480",
        "caption": "Colo minus timidus tabesco.",
        "updatedAt": "2025-06-28T23:09:14.828Z",
        "id": "20d9ff02-5bb4-4dc2-a1ed-d2f66fd2b06c",
        "userId": "2fe94926-086f-45aa-869f-e5fb4a48777e"
      },
      {
        "imageUrl": "https://picsum.photos/seed/QG94WZBmTH/640/480",
        "caption": "Delinquo adversus vulpes voro suppono vicissitudo curvo careo atrox.",
        "updatedAt": "2025-03-01T13:00:00.389Z",
        "id": "7fb70385-800f-456f-bfe3-d56baab890b0",
        "userId": "2fe94926-086f-45aa-869f-e5fb4a48777e"
      }
    ]
  },
  {
    "name": "Adrienne Bartoletti",
    "email": "Leilani47@gmail.com",
    "emailVerified": "2024-02-10T01:46:00.779Z",
    "image": "https://cloudflare-ipfs.com/ipfs/Qmd3W5DuhgHirLHGVixi6V76LhCkZUz6pnFt5AJBiyvHye/avatar/937.jpg",
    "updatedAt": "2025-08-16T23:01:30.128Z",
    "id": "30dc2c9b-5452-4df1-82ca-f6c981b22e4f",
    "profile": {
      "bio": "Fugiat truculenter cerno cognomen coerceo adopto subito distinctio. Cornu attonbitus cuppedia vis accusantium curia teres. Clam xiphias vulgus cupiditas universe dolorem.",
      "avatarUrl": "https://cloudflare-ipfs.com/ipfs/Qmd3W5DuhgHirLHGVixi6V76LhCkZUz6pnFt5AJBiyvHye/avatar/1173.jpg",
      "location": "East Yasmeenborough",
      "updatedAt": "2025-06-20T12:38:41.733Z",
      "id": "6ca80c8d-c6ee-4aa8-841f-7209c2bf69fd",
      "userId": "30dc2c9b-5452-4df1-82ca-f6c981b22e4f"
    },
    "posts": [
      {
        "imageUrl": "https://loremflickr.com/640/480?lock=3788841859153920",
        "caption": "Vicinus assentator damno abbas.",
        "updatedAt": "2025-09-02T06:38:59.719Z",
        "id": "b4ed2a42-b0d1-4d81-957c-a818ba370e52",
        "userId": "30dc2c9b-5452-4df1-82ca-f6c981b22e4f"
      },
      {
        "imageUrl": "https://loremflickr.com/640/480?lock=8572011620073472",
        "caption": "Tolero allatus pecco casso defleo una decumbo minus bestia.",
        "updatedAt": "2024-09-22T13:30:30.166Z",
        "id": "3091d522-0cce-4d10-a735-aed613ac30bd",
        "userId": "30dc2c9b-5452-4df1-82ca-f6c981b22e4f"
      },
      {
        "imageUrl": "https://picsum.photos/seed/LWgcQXi/640/480",
        "caption": "Arbitro cavus ubi dapifer sursum.",
        "updatedAt": "2024-12-23T16:37:39.878Z",
        "id": "2ac7fb2f-24c6-4a8f-99e9-32150320ec9a",
        "userId": "30dc2c9b-5452-4df1-82ca-f6c981b22e4f"
      }
    ]
  },
  {
    "name": "Wilfred Blanda MD",
    "email": "Hazle_Legros74@hotmail.com",
    "emailVerified": "2024-12-06T08:16:13.781Z",
    "image": "https://cloudflare-ipfs.com/ipfs/Qmd3W5DuhgHirLHGVixi6V76LhCkZUz6pnFt5AJBiyvHye/avatar/466.jpg",
    "updatedAt": "2024-11-14T08:31:08.993Z",
    "id": "9e32b789-ad9f-4ba7-8ecc-79ff82ade9da",
    "profile": {
      "bio": "Alo templum teres. Canto corrumpo aegrus soluta appono coadunatio adamo tonsor alius autus. Quas minus villa degenero.",
      "avatarUrl": "https://avatars.githubusercontent.com/u/8751889",
      "location": "Port Charlotte",
      "updatedAt": "2024-09-30T23:56:57.315Z",
      "id": "9ad025b0-faa0-47eb-8b5b-e425bc9d896d",
      "userId": "9e32b789-ad9f-4ba7-8ecc-79ff82ade9da"
    },
    "posts": [
      {
        "imageUrl": "https://loremflickr.com/640/480?lock=6490030086291456",
        "caption": "Denuo via territo maiores capio stultus.",
        "updatedAt": "2025-08-06T10:50:26.888Z",
        "id": "3f3790a5-af9f-4e74-a69f-ec364f15aed7",
        "userId": "9e32b789-ad9f-4ba7-8ecc-79ff82ade9da"
      },
      {
        "imageUrl": "https://loremflickr.com/640/480?lock=2486279008681984",
        "caption": "Vaco vehemens contabesco.",
        "updatedAt": "2025-02-08T20:08:56.335Z",
        "id": "61b4cce3-8b91-4de9-8040-2e916cec0a65",
        "userId": "9e32b789-ad9f-4ba7-8ecc-79ff82ade9da"
      },
      {
        "imageUrl": "https://picsum.photos/seed/wLxG7w/640/480",
        "caption": "Approbo convoco tactus velum desolo veritatis solvo.",
        "updatedAt": "2024-06-02T06:36:19.998Z",
        "id": "00dd6dee-1ee5-403f-8f60-b00a16efe17c",
        "userId": "9e32b789-ad9f-4ba7-8ecc-79ff82ade9da"
      }
    ]
  },
  {
    "name": "Ebony Wintheiser",
    "email": "Austen6@gmail.com",
    "emailVerified": "2025-08-05T16:23:27.954Z",
    "image": "https://avatars.githubusercontent.com/u/43812021",
    "updatedAt": "2025-11-09T15:40:28.723Z",
    "id": "8d4206ee-4fa5-4d91-91c0-ac0eab2579e1",
    "profile": {
      "bio": "Vito ulciscor depraedor clementia. Sapiente defessus dolorem tondeo pecto. Suffragium catena aer eaque animadverto cibus contego.",
      "avatarUrl": "https://avatars.githubusercontent.com/u/49285591",
      "location": "Dickensfort",
      "updatedAt": "2025-06-23T16:27:27.810Z",
      "id": "260b1c5b-7011-421b-8073-b4322cd95ad3",
      "userId": "8d4206ee-4fa5-4d91-91c0-ac0eab2579e1"
    },
    "posts": [
      {
        "imageUrl": "https://picsum.photos/seed/BwE6chV/640/480",
        "caption": "Truculenter thalassinus alius cenaculum coniecto villa acsi vitae atrocitas.",
        "updatedAt": "2023-12-28T19:26:37.183Z",
        "id": "3f1faabc-9080-4942-ab8b-184d6d90c207",
        "userId": "8d4206ee-4fa5-4d91-91c0-ac0eab2579e1"
      },
      {
        "imageUrl": "https://loremflickr.com/640/480?lock=8709990359498752",
        "caption": "Verecundia cumque cunae comedo.",
        "updatedAt": "2024-01-08T14:22:22.887Z",
        "id": "2cecb205-6e40-4df1-a53c-36b9a0b64c2b",
        "userId": "8d4206ee-4fa5-4d91-91c0-ac0eab2579e1"
      },
      {
        "imageUrl": "https://picsum.photos/seed/RcjDy/640/480",
        "caption": "Casso eos umerus.",
        "updatedAt": "2025-10-06T14:53:19.693Z",
        "id": "8e685223-fd89-46b1-a83f-3f7423c3c95d",
        "userId": "8d4206ee-4fa5-4d91-91c0-ac0eab2579e1"
      }
    ]
  }
]
